nicho,denominacion,sitio_web,descripcion,categoria
Leasing Maquinaria & Equipo,¿Cómo funciona el arrendamiento de maquinaria?,https://www.engen.com.mx/blog/analisis/Como-funciona-el-arrendamiento-de-maquinaria,"Se trata de un mecanismo de financiamiento bajo el cual una compañía incorpora determinados equipos o maquinarias, a cambio del pago de rentas ...",Arrendamiento Heavy Equipment / Industrial
Leasing Maquinaria & Equipo,Leasing de maquinaria pesada,https://es.cultivafinancial.com/funding/equipment-leasing,Construya su crédito y sea dueño del equipo en 24-60 meses. Nuestro programa de arrendamiento con opción a compra ofrece a los clientes de todos los ...,Arrendamiento Heavy Equipment / Industrial
Leasing Maquinaria & Equipo,Arrendamiento Puro de Maquinaria para Construcción,https://arrendak.com/arrendamiento-puro-construccion/,"Excavadoras, grúas, compactadoras y retroexcavadoras listas para tu obra. Arrienda por proyecto, opera en 8 días y deduce el 100% de cada renta. Sin deuda en tu ...",Arrendamiento Heavy Equipment / Industrial
Leasing Maquinaria & Equipo,Con crédito o arrendamiento puedes adquirir el equipo ...,https://www.instagram.com/p/DVTrnzoDjJN/,Con el arrendamiento de maquinaria pesada puedes equipar tu negocio mientras aprovechas un importante beneficio fiscal. Deduce hasta el 100% ...,Arrendamiento Heavy Equipment / Industrial
Leasing Maquinaria & Equipo,maquinaria y equipo,https://www.oakleasing.mx/maquinaria.html,"Arrendamos cualquier marca, modelo y equipo industrial. Tracto camiones, montacargas, camiones de carga, basculas camioneras, grúas industriales, emplayadoras ...",Arrendamiento Heavy Equipment / Industrial
Leasing Maquinaria & Equipo,Mas Leasing,https://www.masleasing.com/,"Somos una arrendadora mexicana, En Mas Leasing estamos comprometidos con el crecimiento del sector industrial mexicano. Contacto Tel. 55 50 77 08 67 info@ ...",Arrendamiento Heavy Equipment / Industrial
Leasing Maquinaria & Equipo,La Sedena pagó 170 millones de pesos por el arrendamiento ...,https://www.youtube.com/watch?v=t5f3nHialoc,La Sedena pagó 170.2 millones de pesos por el arrendamiento de maquinaria pesada para la construcción de dos tramos del Tren Maya a finales ...,Arrendamiento Heavy Equipment / Industrial
Leasing Maquinaria & Equipo,Bienvenidos a Quantum,https://www.quantumlease.com/,"En Quantum somos una financiera especializada en arrendamiento de equipo industrial en México,que tiene como objetivo la estructura de alianzas con proveedores ...",Arrendamiento Heavy Equipment / Industrial
Leasing Maquinaria & Equipo,Arrendamiento De Maquinaria Pesada México,https://www.construex.com.mx/exhibidores/empresas_grupo_c/producto/arrendamiento_de_maquinaria_pesada_mxico,"Nuestro servicio de alquiler de maquinaria pesada ofrece soluciones integrales para proyectos de construcción, minería, infraestructura y otros, ...",Arrendamiento Heavy Equipment / Industrial
Leasing Maquinaria & Equipo,Empresas,https://www.bbvaleasing.mx/empresas/,"Plazos hasta 84 meses · Renta 100% deducible de impuestos · Aplican Tractocamiones, Camiones, Autobuses, Cajas Secas, Remolques, etc. · Opción a incluir accesorios ...",Arrendamiento Heavy Equipment / Industrial
Leasing Maquinaria & Equipo,¡Atento llamado a todos los constructores! Renta y venta de ...,https://www.instagram.com/reel/DP5DC7wkbji/,,Arrendamiento Heavy Equipment / Industrial
Leasing Maquinaria & Equipo,Acfin SOFOM: Arrendamiento puro para empresas en México,https://www.acfin.mx/,"Arrendamiento puro para empresas, crédito simple y revolvente. SOFOM ENR mexicana desde 2013 con respuesta en menos de 72 horas. Habla con un asesor.",Arrendamiento Heavy Equipment / Industrial
Leasing Maquinaria & Equipo,FINACTIV,https://finactiv.com.mx/,"Arrendamiento de

Arrendamiento de

Arrendamiento de

Equipo Industrial

Arrendamiento de

Equipo Médico

Arrendamiento de

Arrendamiento de

### **Somos una opción atractiva por:**
Arrendamiento

Arrendamiento",Arrendamiento Heavy Equipment / Industrial
Leasing Maquinaria & Equipo,Leasing de equipos: Financiación del arrendamiento de ...,https://www.nationaldebtrelief.com/es/blog/debt-guide/small-business-debt/equipment-leasing-equipment-lease-financing-for-businesses/,El leasing de equipos permite a las empresas alquilar activos a un proveedor o a una empresa de leasing durante un periodo determinado.,Arrendamiento Heavy Equipment / Industrial
Leasing Maquinaria & Equipo,ARRENDAMIENTO FINANCIERO,http://sfisofom.com.mx/arrendamiento-financiero/,"Destinado a financiar la adquisición de activos fijos susceptibles de arrendamiento, apoyar el ciclo de inversión de las actividades o ramas relacionadas ...",Arrendamiento Heavy Equipment / Industrial
Leasing Maquinaria & Equipo,"MUFG F&L Mexico, S.A. DE C.V. / ...",https://www.fl.mufg.jp/en/company/group/mexico.html,"MUFG Finance and Leasing MEXICO, S.A. TEL : 52-55-1000-2888. Arrendamiento Puro Equipment/ Equipo Vehicles, buses, trucks Automóviles, autobuses, TEL : 52-55- ...",Arrendamiento Heavy Equipment / Industrial
Leasing Maquinaria & Equipo,"Engen Capital on Instagram: ""Con el arrendamiento puro, tu ...",https://www.instagram.com/reel/DPeR4ggCnYk/,Leasing Tim | Impulsa el crecimiento de tu empresa sin comprometer tu capital. Financia la maquinaria y el equipo que tu negocio necesita con ...,Arrendamiento Heavy Equipment / Industrial
Leasing Maquinaria & Equipo,Arrendamiento Financiero,https://casofin.mx/arrendamiento_financiero/,A través de nuestro producto de Arrendamiento Financiero podrás adquirir la maquinaria y equipo que tu negocio necesita para seguir creciendo. Con este ...,Arrendamiento Heavy Equipment / Industrial
Leasing Maquinaria & Equipo,TIP México Arrendamiento vehicular y administración de flota,https://www.tipmexico.com/,"# TIP México, ponemos tu negocio en movimiento
## Usa el vehículo ideal para tu empresa  con leasing automotriz
Arrendamiento

(Arrendamiento especializado en",Arrendamiento Heavy Equipment / Industrial
Leasing Maquinaria & Equipo,Soluciones en renta de maquinaria industrial,https://www.irmleasing.com/renta-de-maquinaria-industrial/,Acelera tu crecimiento con la renta de maquinaria industrial de IRM Leasing. Accede a equipos de última generación con planes a tu medida.,Arrendamiento Heavy Equipment / Industrial
Leasing Maquinaria & Equipo,UNIFIN,https://www.unifin.com.mx/,El Arrendamiento Puro te permite obtener el uso y goce de activos productivos sin necesidad de comprarlos y con beneficios fiscales. Si eres Persona Moral o ...,Arrendamiento Heavy Equipment / Industrial
Leasing Maquinaria & Equipo,Arrendamiento de equipo médico en México: la estrategia financiera que ...,https://www.arrenda1.com/post/arrendamiento-de-equipo-medico-en-mexico-la-estrategia-financiera-que-impulsa-al-sector-salud,"A través del arrendamiento puro, las instituciones pueden renovar su equipo periódicamente sin asumir el costo total de adquisición. Al final ...",Arrendamiento Heavy Equipment / Industrial
Leasing Maquinaria & Equipo,Arrendamiento de Equipo Médico en México: Guía Completa 2026,https://camelia.la/blog/arrendamiento-de-equipo-medico-en-mexico-guia-completa-2026-9342/,"Un ultrasonido de diagnóstico puede costar entre $150,000 y $800,000 MXN. Una unidad dental completa, entre $80,000 y $300,000 MXN.",Arrendamiento Heavy Equipment / Industrial
Leasing Maquinaria & Equipo,Financiamiento para equipo médico,https://www.arrendamas.com/financiamiento-para-equipo-medico,"Arrenda+ ofrece el esquema de crédito y arrendamiento puro para la adquisición de equipo médico a empresarios del sector salud, clínicas y médicos particulares ...",Arrendamiento Heavy Equipment / Industrial
Leasing Maquinaria & Equipo,Arrendamiento De Equipo Médico,https://www.cirlapmexico.com/arrendamiento,Ofrecemos arrendamiento. Una solución financiera eficiente que permite adquirir equipos médicos de última generación sin inversión inicial significativa.,Arrendamiento Heavy Equipment / Industrial
Leasing Maquinaria & Equipo,Financiamiento de equipo médico: ¿Cómo se beneficia tu clínica?,https://www.engen.com.mx/blog/analisis/Financiamiento-de-equipo-medico-Como-se-beneficia-tu-clinica,"También conocido como leasing, el arrendamiento puro permite rentar el equipo para consultorio médico ... SOFOM, E.N.R., ambas entidades ...",Arrendamiento Heavy Equipment / Industrial
Leasing Maquinaria & Equipo,equipo médico,https://www.oakleasing.mx/equipo-medico.html,"Arrendamos cualquier marca y modelo de equipo médico. Maximiza la rentabilidad de tu consultorio, clínica u hospital de especialidades con equipo de última ...",Arrendamiento Heavy Equipment / Industrial
Leasing Maquinaria & Equipo,Arrendamiento de Equipo Médico,https://finteligent.com.mx/servicios/arrendamiento-de-equipo-medico/,"Somos expertos en el financiamiento de equipo para el análisis clínico de enfermedades. Con el arrendamiento de equipo médico, Contacto 55 1454 1313 contacto@ ...",Arrendamiento Heavy Equipment / Industrial
Leasing Maquinaria & Equipo,Leasing 100% deducible de equipo médico.,https://www.leasemd.mx/arrendamiento-equipo-medico/,"# Cotiza este mes y recibe 20% de descuento en tu primer renta + 3 meses de gracia para pagar la segunda.
## Conoce más sobre arrendamiento puro.
[Simular el arrendamiento de un equipo médico.](https://cotizador.leasemd.mx/?urlLead=https%3A%2F%2Fwww.leasemd.mx%2Farrendamiento-equipo-medico%2F&type=1&urlInicio=https%3A%2F%2Fwww.leasemd.mx%2Farrendamiento-equipo-medico%2F)",Arrendamiento Heavy Equipment / Industrial
Leasing Maquinaria & Equipo,LeaseMD,https://www.leasemd.mx/,"Financia equipo médico y autos con LeaseMD. Arrendamiento puramente deducible, proceso digital y ágil para profesionales de la salud y clínicas.",Arrendamiento Heavy Equipment / Industrial
Leasing Maquinaria & Equipo,Arrendamiento Puro de Equipo Médico para Clínicas,https://arrendak.com/arrendamiento-puro-equipo-medico/,"Arrienda tomógrafos, equipo de imagenología, laboratorio y quirófano sin inmovilizar el capital de tu clínica. Enganche desde 10%, rentas 100% ...",Arrendamiento Heavy Equipment / Industrial
Leasing Maquinaria & Equipo,El arrendamiento de Equipo Médico:,https://es.linkedin.com/pulse/el-arrendamiento-de-equipo-m%C3%A9dico-ventus-leasing-at7ye,El arrendamiento de equipo médico se presenta como una solución financiera estratégica que permite a las instituciones de salud acceder a ...,Arrendamiento Heavy Equipment / Industrial
